OBJECTID,pointid,Elevation,FlowDirect,POINT_X,POINT_Y
1,1,150.1582489,1,287640.44,4783278.029
2,2,150.1310577,1,287641.44,4783278.029
3,3,150.1268005,1,287642.44,4783278.029
4,4,149.9535522,64,287643.44,4783278.029
5,5,151.7507782,16,287644.44,4783278.029
6,6,149.9736176,64,287645.44,4783278.029
7,7,150.0057983,16,287646.44,4783278.029
8,8,150.2833099,4,287635.44,4783277.029
9,9,150.2826996,8,287636.44,4783277.029
10,10,150.2775421,1,287637.44,4783277.029
11,11,150.23172,1,287638.44,4783277.029
12,12,150.195343,1,287639.44,4783277.029
13,13,150.1616058,128,287640.44,4783277.029
14,14,151.157547,64,287641.44,4783277.029
15,15,151.1878662,64,287642.44,4783277.029
16,16,150.787796,64,287643.44,4783277.029
17,17,152.2598724,32,287644.44,4783277.029
18,18,150.8973389,64,287645.44,4783277.029
19,19,150.0032043,32,287646.44,4783277.029
20,20,150.0162811,16,287647.44,4783277.029
21,21,150.055603,16,287648.44,4783277.029
22,22,150.080368,16,287649.44,4783277.029
23,23,150.066452,1,287650.44,4783277.029
24,24,150.0501099,1,287651.44,4783277.029
25,25,150.0327911,1,287652.44,4783277.029
26,26,150.024826,2,287653.44,4783277.029
27,27,150.2030334,4,287630.44,4783276.029
28,28,150.2048798,8,287631.44,4783276.029
29,29,150.2281647,4,287632.44,4783276.029
30,30,150.2500916,8,287633.44,4783276.029
31,31,150.2577362,8,287634.44,4783276.029
32,32,150.2536774,4,287635.44,4783276.029
33,33,150.2679138,2,287636.44,4783276.029
34,34,150.2603912,2,287637.44,4783276.029
35,35,150.2413483,2,287638.44,4783276.029
36,36,150.1973877,4,287639.44,4783276.029
37,37,150.1622772,4,287640.44,4783276.029
38,38,150.1389923,1,287641.44,4783276.029
39,39,150.1303253,1,287642.44,4783276.029
40,40,150.0306396,4,287643.44,4783276.029
41,41,151.5419922,16,287644.44,4783276.029
42,42,151.306839,1,287645.44,4783276.029
43,43,149.9967804,64,287646.44,4783276.029
44,44,150.0093842,16,287647.44,4783276.029
45,45,150.0513153,16,287648.44,4783276.029
46,46,150.070282,8,287649.44,4783276.029
47,47,150.0769043,1,287650.44,4783276.029
48,48,150.0569916,1,287651.44,4783276.029
49,49,150.0257874,128,287652.44,4783276.029
50,50,150.0267487,1,287653.44,4783276.029
51,51,150.006958,1,287654.44,4783276.029
52,52,149.9846039,1,287655.44,4783276.029
53,53,149.9643402,1,287656.44,4783276.029
54,54,149.9529419,1,287657.44,4783276.029
55,55,149.9484406,1,287658.44,4783276.029
56,56,149.9404449,64,287659.44,4783276.029
57,57,149.9558105,16,287660.44,4783276.029
58,58,150.1306305,4,287624.44,4783275.029
59,59,150.1403351,4,287625.44,4783275.029
60,60,150.1338654,4,287626.44,4783275.029
61,61,150.1439972,4,287627.44,4783275.029
62,62,150.140213,4,287628.44,4783275.029
63,63,150.1422272,4,287629.44,4783275.029
64,64,150.1424561,4,287630.44,4783275.029
65,65,150.1688538,8,287631.44,4783275.029
66,66,150.1787262,4,287632.44,4783275.029
67,67,150.2033844,8,287633.44,4783275.029
68,68,150.2242126,8,287634.44,4783275.029
69,69,150.2294769,4,287635.44,4783275.029
70,70,150.2243958,2,287636.44,4783275.029
71,71,150.2037659,2,287637.44,4783275.029
72,72,150.1764832,2,287638.44,4783275.029
73,73,150.1490479,4,287639.44,4783275.029
74,74,150.1306915,4,287640.44,4783275.029
75,75,150.1472626,8,287641.44,4783275.029
76,76,150.1383209,1,287642.44,4783275.029
77,77,150.0698853,64,287643.44,4783275.029
78,78,150.9574585,16,287644.44,4783275.029
79,79,151.4463348,1,287645.44,4783275.029
80,80,150.2203674,64,287646.44,4783275.029
81,81,150.0057983,32,287647.44,4783275.029
82,82,150.0398865,16,287648.44,4783275.029
83,83,150.0615692,16,287649.44,4783275.029
84,84,150.0765839,1,287650.44,4783275.029
85,85,150.0543213,128,287651.44,4783275.029
86,86,150.045105,64,287652.44,4783275.029
87,87,150.0301819,1,287653.44,4783275.029
88,88,150.0076904,128,287654.44,4783275.029
89,89,149.9932098,1,287655.44,4783275.029
90,90,149.963974,1,287656.44,4783275.029
91,91,149.9527588,1,287657.44,4783275.029
92,92,149.9488678,128,287658.44,4783275.029
93,93,149.9579926,64,287659.44,4783275.029
94,94,150.0010986,64,287660.44,4783275.029
95,95,150.0977936,32,287661.44,4783275.029
96,96,150.1109467,16,287662.44,4783275.029
97,97,150.1012268,64,287663.44,4783275.029
98,98,152.0991669,16,287664.44,4783275.029
99,99,152.9612274,1,287665.44,4783275.029
100,100,150.153183,1,287666.44,4783275.029
101,101,150.0491333,64,287667.44,4783275.029
102,102,150.0215912,8,287619.44,4783274.029
103,103,150.0566559,8,287620.44,4783274.029
104,104,150.0782166,16,287621.44,4783274.029
105,105,150.0796356,1,287622.44,4783274.029
106,106,150.052063,1,287623.44,4783274.029
107,107,150.0221252,2,287624.44,4783274.029
108,108,150.053421,2,287625.44,4783274.029
109,109,150.0545654,4,287626.44,4783274.029
110,110,150.0723877,4,287627.44,4783274.029
111,111,150.0497437,8,287628.44,4783274.029
112,112,150.0432892,4,287629.44,4783274.029
113,113,150.0614319,8,287630.44,4783274.029
114,114,150.0984497,8,287631.44,4783274.029
115,115,150.1191406,16,287632.44,4783274.029
116,116,150.1704865,16,287633.44,4783274.029
117,117,150.194458,8,287634.44,4783274.029
118,118,150.2022705,8,287635.44,4783274.029
119,119,150.1991577,2,287636.44,4783274.029
120,120,150.1841431,1,287637.44,4783274.029
121,121,150.156311,1,287638.44,4783274.029
122,122,150.125885,2,287639.44,4783274.029
123,123,150.1193542,4,287640.44,4783274.029
124,124,150.147522,8,287641.44,4783274.029
125,125,150.1424103,128,287642.44,4783274.029
126,126,150.1016846,2,287643.44,4783274.029
127,127,150.4152374,4,287644.44,4783274.029
128,128,150.7362976,4,287645.44,4783274.029
129,129,150.149353,4,287646.44,4783274.029
130,130,150.0104828,8,287647.44,4783274.029
131,131,150.0373688,16,287648.44,4783274.029
132,132,150.0551758,16,287649.44,4783274.029
133,133,150.0841827,16,287650.44,4783274.029
134,134,150.0633087,1,287651.44,4783274.029
135,135,150.0493164,128,287652.44,4783274.029
136,136,150.036087,128,287653.44,4783274.029
137,137,150.0197144,1,287654.44,4783274.029
138,138,150.0002594,128,287655.44,4783274.029
139,139,149.9750061,128,287656.44,4783274.029
140,140,149.9662933,64,287657.44,4783274.029
141,141,150.0078888,64,287658.44,4783274.029
142,142,150.0183563,64,287659.44,4783274.029
143,143,150.0735016,32,287660.44,4783274.029
144,144,150.1252136,32,287661.44,4783274.029
145,145,150.1316071,32,287662.44,4783274.029
146,146,150.1207428,64,287663.44,4783274.029
147,147,150.111557,32,287664.44,4783274.029
148,148,150.454895,1,287665.44,4783274.029
149,149,150.0929718,128,287666.44,4783274.029
150,150,150.4098663,64,287667.44,4783274.029
151,151,150.4458466,1,287668.44,4783274.029
152,152,150.053299,1,287669.44,4783274.029
153,153,150.0406647,64,287670.44,4783274.029
154,154,150.0822906,1,287614.44,4783273.029
155,155,150.0580902,4,287615.44,4783273.029
156,156,150.0714722,1,287616.44,4783273.029
157,157,150.0083008,1,287617.44,4783273.029
158,158,149.9624634,64,287618.44,4783273.029
159,159,149.9987183,16,287619.44,4783273.029
160,160,150.0551758,16,287620.44,4783273.029
161,161,150.0731964,16,287621.44,4783273.029
162,162,150.0851898,128,287622.44,4783273.029
163,163,150.0651093,1,287623.44,4783273.029
164,164,150.0267334,1,287624.44,4783273.029
165,165,150.0155792,1,287625.44,4783273.029
166,166,149.9543762,1,287626.44,4783273.029
167,167,149.9656219,16,287627.44,4783273.029
168,168,149.9955597,16,287628.44,4783273.029
169,169,150.0087585,8,287629.44,4783273.029
170,170,150.0393219,16,287630.44,4783273.029
171,171,150.0916748,16,287631.44,4783273.029
172,172,150.1113281,16,287632.44,4783273.029
173,173,150.1511841,16,287633.44,4783273.029
174,174,150.1684875,8,287634.44,4783273.029
175,175,150.1928558,8,287635.44,4783273.029
176,176,150.1846466,2,287636.44,4783273.029
177,177,150.1738434,2,287637.44,4783273.029
178,178,150.1486664,4,287638.44,4783273.029
179,179,150.1255188,4,287639.44,4783273.029
180,180,150.1018829,8,287640.44,4783273.029
181,181,150.1595306,16,287641.44,4783273.029
182,182,150.1415558,128,287642.44,4783273.029
183,183,150.1304169,1,287643.44,4783273.029
184,184,149.9434357,4,287644.44,4783273.029
185,185,149.9612122,16,287645.44,4783273.029
186,186,149.9885712,16,287646.44,4783273.029
187,187,150.0025635,16,287647.44,4783273.029
188,188,150.0321808,16,287648.44,4783273.029
189,189,150.053772,16,287649.44,4783273.029
190,190,150.0704041,8,287650.44,4783273.029
191,191,150.0650787,128,287651.44,4783273.029
192,192,150.0587006,1,287652.44,4783273.029
193,193,150.037323,1,287653.44,4783273.029
194,194,150.0217896,1,287654.44,4783273.029
195,195,149.9989166,1,287655.44,4783273.029
196,196,149.9781342,128,287656.44,4783273.029
197,197,149.9771423,64,287657.44,4783273.029
198,198,150.1243591,16,287658.44,4783273.029
199,199,150.1107025,64,287659.44,4783273.029
200,200,153.025528,64,287660.44,4783273.029
201,201,156.4526215,64,287661.44,4783273.029
202,202,155.6462555,64,287662.44,4783273.029
203,203,155.8440247,64,287663.44,4783273.029
204,204,155.5958405,64,287664.44,4783273.029
205,205,155.6288147,64,287665.44,4783273.029
206,206,155.5048981,64,287666.44,4783273.029
207,207,155.1322021,64,287667.44,4783273.029
208,208,155.1386261,64,287668.44,4783273.029
209,209,154.5803833,64,287669.44,4783273.029
210,210,156.3708801,64,287670.44,4783273.029
211,211,154.3156738,32,287671.44,4783273.029
212,212,150.0610046,4,287614.44,4783272.029
213,213,150.0515594,8,287615.44,4783272.029
214,214,150.0610352,1,287616.44,4783272.029
215,215,150.0126495,1,287617.44,4783272.029
216,216,149.9750061,64,287618.44,4783272.029
217,217,150.0074158,16,287619.44,4783272.029
218,218,150.0561218,16,287620.44,4783272.029
219,219,150.0808411,8,287621.44,4783272.029
220,220,150.0905304,128,287622.44,4783272.029
221,221,150.089859,128,287623.44,4783272.029
222,222,150.0943298,64,287624.44,4783272.029
223,223,150.0555115,128,287625.44,4783272.029
224,224,150.0148621,64,287626.44,4783272.029
225,225,149.9882355,64,287627.44,4783272.029
226,226,149.9862061,32,287628.44,4783272.029
227,227,150.0240784,16,287629.44,4783272.029
228,228,150.0719757,16,287630.44,4783272.029
229,229,150.0852966,32,287631.44,4783272.029
230,230,150.1083832,16,287632.44,4783272.029
231,231,150.1235199,16,287633.44,4783272.029
232,232,150.1416779,16,287634.44,4783272.029
233,233,150.1929016,2,287635.44,4783272.029
234,234,150.2001343,2,287636.44,4783272.029
235,235,150.1423035,4,287637.44,4783272.029
236,236,150.1010895,2,287638.44,4783272.029
237,237,150.0831451,4,287639.44,4783272.029
238,238,150.1042023,8,287640.44,4783272.029
239,239,150.16539,8,287641.44,4783272.029
240,240,150.1498413,128,287642.44,4783272.029
241,241,150.1392517,1,287643.44,4783272.029
242,242,149.951004,64,287644.44,4783272.029
243,243,149.9584961,16,287645.44,4783272.029
244,244,149.9876556,16,287646.44,4783272.029
245,245,150.0045166,16,287647.44,4783272.029
246,246,150.0268707,16,287648.44,4783272.029
247,247,150.046402,16,287649.44,4783272.029
248,248,150.0727234,16,287650.44,4783272.029
249,249,150.0686646,1,287651.44,4783272.029
250,250,150.0561371,1,287652.44,4783272.029
251,251,150.0359344,1,287653.44,4783272.029
252,252,150.0210266,128,287654.44,4783272.029
253,253,150.0076752,1,287655.44,4783272.029
254,254,149.9833832,64,287656.44,4783272.029
255,255,150.0149994,64,287657.44,4783272.029
256,256,150.1497345,16,287658.44,4783272.029
257,257,150.1681519,64,287659.44,4783272.029
258,258,153.1450348,16,287660.44,4783272.029
259,259,159.551239,16,287661.44,4783272.029
260,260,159.4326019,64,287662.44,4783272.029
261,261,159.3603058,64,287663.44,4783272.029
262,262,159.3211823,64,287664.44,4783272.029
263,263,158.8757477,64,287665.44,4783272.029
264,264,159.3466034,64,287666.44,4783272.029
265,265,159.1960144,64,287667.44,4783272.029
266,266,159.148056,64,287668.44,4783272.029
267,267,159.0531921,64,287669.44,4783272.029
268,268,158.971283,128,287670.44,4783272.029
269,269,158.8511047,64,287671.44,4783272.029
270,270,150.0569916,2,287614.44,4783271.029
271,271,150.0643158,4,287615.44,4783271.029
272,272,150.0686646,2,287616.44,4783271.029
273,273,150.0280457,128,287617.44,4783271.029
274,274,150.0090942,64,287618.44,4783271.029
275,275,150.0295715,32,287619.44,4783271.029
276,276,150.0448914,32,287620.44,4783271.029
277,277,150.0740662,8,287621.44,4783271.029
278,278,150.0848083,16,287622.44,4783271.029
279,279,150.0865631,2,287623.44,4783271.029
280,280,150.0947113,4,287624.44,4783271.029
281,281,150.0824432,1,287625.44,4783271.029
282,282,150.0207214,1,287626.44,4783271.029
283,283,149.9746399,128,287627.44,4783271.029
284,284,150.0171509,16,287628.44,4783271.029
285,285,150.0364532,32,287629.44,4783271.029
286,286,150.0920105,16,287630.44,4783271.029
287,287,150.1187897,64,287631.44,4783271.029
288,288,150.1300507,32,287632.44,4783271.029
289,289,150.1343079,4,287633.44,4783271.029
290,290,150.1347809,2,287634.44,4783271.029
291,291,150.1574249,4,287635.44,4783271.029
292,292,150.1047363,1,287636.44,4783271.029
293,293,150.0449524,1,287637.44,4783271.029
294,294,150.0462341,1,287638.44,4783271.029
295,295,150.0088959,4,287639.44,4783271.029
296,296,150.0728149,16,287640.44,4783271.029
297,297,150.1772919,16,287641.44,4783271.029
298,298,150.1586304,1,287642.44,4783271.029
299,299,150.1440887,1,287643.44,4783271.029
300,300,150.0008087,64,287644.44,4783271.029
301,301,149.962204,32,287645.44,4783271.029
302,302,149.9828491,16,287646.44,4783271.029
303,303,150.0013428,16,287647.44,4783271.029
304,304,150.0250702,16,287648.44,4783271.029
305,305,150.0498352,8,287649.44,4783271.029
306,306,150.0657196,16,287650.44,4783271.029
307,307,150.0794067,1,287651.44,4783271.029
308,308,150.0608063,1,287652.44,4783271.029
309,309,150.039444,128,287653.44,4783271.029
310,310,150.0274353,1,287654.44,4783271.029
311,311,150.0046997,1,287655.44,4783271.029
312,312,149.9840851,2,287656.44,4783271.029
313,313,150.0630341,4,287657.44,4783271.029
314,314,150.1655884,8,287658.44,4783271.029
315,315,150.1898956,32,287659.44,4783271.029
316,316,152.0950623,16,287660.44,4783271.029
317,317,159.5647125,16,287661.44,4783271.029
318,318,159.4227905,8,287662.44,4783271.029
319,319,159.3622589,1,287663.44,4783271.029
320,320,159.2664185,128,287664.44,4783271.029
321,321,159.1685181,64,287665.44,4783271.029
322,322,159.0812225,32,287666.44,4783271.029
323,323,159.0084991,1,287667.44,4783271.029
324,324,158.9346619,1,287668.44,4783271.029
325,325,158.828125,1,287669.44,4783271.029
326,326,158.7461853,1,287670.44,4783271.029
327,327,158.671875,1,287671.44,4783271.029
328,328,158.5704956,4,287672.44,4783271.029
329,329,150.0540771,2,287614.44,4783270.029
330,330,150.0444946,2,287615.44,4783270.029
331,331,150.0513153,1,287616.44,4783270.029
332,332,150.0000458,1,287617.44,4783270.029
333,333,149.9875031,16,287618.44,4783270.029
334,334,150.0251465,16,287619.44,4783270.029
335,335,150.0304871,8,287620.44,4783270.029
336,336,150.0738831,16,287621.44,4783270.029
337,337,150.0902252,2,287622.44,4783270.029
338,338,150.0758972,2,287623.44,4783270.029
339,339,150.0606232,2,287624.44,4783270.029
340,340,150.0543823,4,287625.44,4783270.029
341,341,150.0342407,128,287626.44,4783270.029
342,342,150.0111542,64,287627.44,4783270.029
343,343,150.0404968,32,287628.44,4783270.029
344,344,150.0582123,32,287629.44,4783270.029
345,345,150.0835571,32,287630.44,4783270.029
346,346,150.1117096,4,287631.44,4783270.029
347,347,150.1302948,8,287632.44,4783270.029
348,348,150.11586,2,287633.44,4783270.029
349,349,150.1177673,2,287634.44,4783270.029
350,350,150.0990601,4,287635.44,4783270.029
351,351,150.1072845,4,287636.44,4783270.029
352,352,150.0659637,8,287637.44,4783270.029
353,353,150.0542603,1,287638.44,4783270.029
354,354,150.0169525,64,287639.44,4783270.029
355,355,150.0536957,16,287640.44,4783270.029
356,356,150.19104,16,287641.44,4783270.029
357,357,150.1653137,128,287642.44,4783270.029
358,358,150.1522064,128,287643.44,4783270.029
359,359,150.0607147,1,287644.44,4783270.029
360,360,149.9575806,4,287645.44,4783270.029
361,361,149.9780121,16,287646.44,4783270.029
362,362,150.4764099,16,287647.44,4783270.029
363,363,150.0075073,4,287648.44,4783270.029
364,364,150.0434265,16,287649.44,4783270.029
365,365,150.0618134,8,287650.44,4783270.029
366,366,150.0738983,8,287651.44,4783270.029
367,367,150.0627899,1,287652.44,4783270.029
368,368,150.0432892,1,287653.44,4783270.029
369,369,150.0251923,1,287654.44,4783270.029
370,370,150.0076752,1,287655.44,4783270.029
371,371,149.9893341,2,287656.44,4783270.029
372,372,149.9813995,4,287657.44,4783270.029
373,373,150.4868317,16,287658.44,4783270.029
374,374,150.1902924,32,287659.44,4783270.029
375,375,151.3375244,16,287660.44,4783270.029
376,376,158.9074554,16,287661.44,4783270.029
377,377,159.4437408,8,287662.44,4783270.029
378,378,159.3643951,1,287663.44,4783270.029
379,379,159.2798004,1,287664.44,4783270.029
380,380,159.1818695,1,287665.44,4783270.029
381,381,159.072998,1,287666.44,4783270.029
382,382,158.9942322,1,287667.44,4783270.029
383,383,158.9154205,1,287668.44,4783270.029
384,384,158.81427,1,287669.44,4783270.029
385,385,158.7374115,1,287670.44,4783270.029
386,386,158.6547699,1,287671.44,4783270.029
387,387,158.5641632,2,287672.44,4783270.029
388,388,150.0363312,4,287615.44,4783269.029
389,389,150.0259094,128,287616.44,4783269.029
390,390,150.0131378,64,287617.44,4783269.029
391,391,150.0127563,2,287618.44,4783269.029
392,392,150.0200806,4,287619.44,4783269.029
393,393,150.0317535,8,287620.44,4783269.029
394,394,150.077301,8,287621.44,4783269.029
395,395,150.0797119,8,287622.44,4783269.029
396,396,150.0649261,1,287623.44,4783269.029
397,397,150.0455475,2,287624.44,4783269.029
398,398,150.0299377,4,287625.44,4783269.029
399,399,150.042099,128,287626.44,4783269.029
400,400,150.0469971,64,287627.44,4783269.029
401,401,150.058136,32,287628.44,4783269.029
402,402,150.0661469,32,287629.44,4783269.029
403,403,150.0777283,32,287630.44,4783269.029
404,404,150.0771942,16,287631.44,4783269.029
405,405,150.0993195,16,287632.44,4783269.029
406,406,150.0931702,2,287633.44,4783269.029
407,407,150.0796814,1,287634.44,4783269.029
408,408,150.0173798,4,287635.44,4783269.029
409,409,150.0259094,16,287636.44,4783269.029
410,410,150.0393829,2,287637.44,4783269.029
411,411,150.0458069,4,287638.44,4783269.029
412,412,150.0426788,4,287639.44,4783269.029
413,413,150.0181427,4,287640.44,4783269.029
414,414,150.1925812,16,287641.44,4783269.029
415,415,150.1713867,128,287642.44,4783269.029
416,416,150.1594696,128,287643.44,4783269.029
417,417,150.0906067,1,287644.44,4783269.029
418,418,149.9537964,4,287645.44,4783269.029
419,419,149.9820099,16,287646.44,4783269.029
420,420,150.0015869,8,287647.44,4783269.029
421,421,150.0013123,8,287648.44,4783269.029
422,422,150.0330658,16,287649.44,4783269.029
423,423,150.0515137,16,287650.44,4783269.029
424,424,150.0807648,16,287651.44,4783269.029
425,425,150.0607147,1,287652.44,4783269.029
426,426,150.0384064,1,287653.44,4783269.029
427,427,150.0230865,128,287654.44,4783269.029
428,428,150.0128632,1,287655.44,4783269.029
429,429,149.9877625,1,287656.44,4783269.029
430,430,149.9668427,4,287657.44,4783269.029
431,431,150.167038,16,287658.44,4783269.029
432,432,150.189209,8,287659.44,4783269.029
433,433,150.208786,16,287660.44,4783269.029
434,434,158.4913788,16,287661.44,4783269.029
435,435,159.459259,8,287662.44,4783269.029
436,436,159.3828583,1,287663.44,4783269.029
437,437,159.2722626,1,287664.44,4783269.029
438,438,159.1675415,1,287665.44,4783269.029
439,439,159.0745544,1,287666.44,4783269.029
440,440,158.9744873,1,287667.44,4783269.029
441,441,158.8999939,1,287668.44,4783269.029
442,442,158.7944489,1,287669.44,4783269.029
443,443,158.7162628,1,287670.44,4783269.029
444,444,158.6467133,1,287671.44,4783269.029
445,445,158.5481262,1,287672.44,4783269.029
446,446,158.447937,1,287673.44,4783269.029
447,447,150.0120087,16,287615.44,4783268.029
448,448,150.0100555,16,287616.44,4783268.029
449,449,150.0256042,16,287617.44,4783268.029
450,450,150.0291901,1,287618.44,4783268.029
451,451,149.9687042,2,287619.44,4783268.029
452,452,149.9923248,16,287620.44,4783268.029
453,453,150.0351868,8,287621.44,4783268.029
454,454,150.0612183,8,287622.44,4783268.029
455,455,150.0581512,2,287623.44,4783268.029
456,456,150.0449982,1,287624.44,4783268.029
457,457,150.0159149,4,287625.44,4783268.029
458,458,150.0289612,16,287626.44,4783268.029
459,459,150.0523682,16,287627.44,4783268.029
460,460,150.0684204,16,287628.44,4783268.029
461,461,150.0925446,64,287629.44,4783268.029
462,462,150.109375,64,287630.44,4783268.029
463,463,150.0811768,64,287631.44,4783268.029
464,464,150.0946655,16,287632.44,4783268.029
465,465,150.0916748,1,287633.44,4783268.029
466,466,150.0656586,1,287634.44,4783268.029
467,467,150.0175476,4,287635.44,4783268.029
468,468,150.0317535,2,287636.44,4783268.029
469,469,150.0295105,4,287637.44,4783268.029
470,470,150.0033569,2,287638.44,4783268.029
471,471,150.012619,4,287639.44,4783268.029
472,472,150.0029602,4,287640.44,4783268.029
473,473,150.17099,16,287641.44,4783268.029
474,474,150.1756744,8,287642.44,4783268.029
475,475,150.1591034,128,287643.44,4783268.029
476,476,150.1517181,1,287644.44,4783268.029
477,477,149.9512939,64,287645.44,4783268.029
478,478,149.9729919,16,287646.44,4783268.029
479,479,149.9935455,16,287647.44,4783268.029
480,480,150.0131073,16,287648.44,4783268.029
481,481,150.0313263,32,287649.44,4783268.029
482,482,150.0467529,16,287650.44,4783268.029
483,483,150.0758514,16,287651.44,4783268.029
484,484,150.0633392,1,287652.44,4783268.029
485,485,150.0401917,1,287653.44,4783268.029
486,486,150.0210876,1,287654.44,4783268.029
487,487,150.0092621,128,287655.44,4783268.029
488,488,149.9952087,1,287656.44,4783268.029
489,489,149.9667206,4,287657.44,4783268.029
490,490,150.1415405,16,287658.44,4783268.029
491,491,150.1901398,8,287659.44,4783268.029
492,492,150.2032471,16,287660.44,4783268.029
493,493,157.0567017,16,287661.44,4783268.029
494,494,159.5129852,8,287662.44,4783268.029
495,495,159.435318,1,287663.44,4783268.029
496,496,159.2984161,1,287664.44,4783268.029
497,497,159.1899261,1,287665.44,4783268.029
498,498,159.0852356,1,287666.44,4783268.029
499,499,158.9980164,1,287667.44,4783268.029
500,500,158.8976135,1,287668.44,4783268.029
501,501,158.7965088,1,287669.44,4783268.029
502,502,158.7243042,1,287670.44,4783268.029
503,503,158.6481781,1,287671.44,4783268.029
504,504,158.5520935,1,287672.44,4783268.029
505,505,158.4631348,2,287673.44,4783268.029
506,506,150.0261536,64,287615.44,4783267.029
507,507,150.0299072,64,287616.44,4783267.029
508,508,150.0383301,32,287617.44,4783267.029
509,509,150.035141,1,287618.44,4783267.029
510,510,149.9848938,64,287619.44,4783267.029
511,511,149.9612274,32,287620.44,4783267.029
512,512,150.0235138,16,287621.44,4783267.029
513,513,150.0420227,16,287622.44,4783267.029
514,514,150.0488281,1,287623.44,4783267.029
515,515,150.0290375,1,287624.44,4783267.029
516,516,150.0106049,64,287625.44,4783267.029
517,517,150.0266266,16,287626.44,4783267.029
518,518,150.0538635,16,287627.44,4783267.029
519,519,150.0973663,16,287628.44,4783267.029
520,520,150.1397858,32,287629.44,4783267.029
521,521,150.1431732,128,287630.44,4783267.029
522,522,150.1380768,64,287631.44,4783267.029
523,523,150.1520996,64,287632.44,4783267.029
524,524,150.1443787,128,287633.44,4783267.029
525,525,150.1089325,1,287634.44,4783267.029
526,526,149.9987335,2,287635.44,4783267.029
527,527,150.0279846,1,287636.44,4783267.029
528,528,150.0006104,4,287637.44,4783267.029
529,529,149.9938202,1,287638.44,4783267.029
530,530,149.9678802,1,287639.44,4783267.029
531,531,149.9531403,4,287640.44,4783267.029
532,532,150.1500702,16,287641.44,4783267.029
533,533,150.178009,8,287642.44,4783267.029
534,534,150.1558075,2,287643.44,4783267.029
535,535,150.131897,1,287644.44,4783267.029
536,536,149.9598389,64,287645.44,4783267.029
537,537,149.9709625,4,287646.44,4783267.029
538,538,149.9859772,8,287647.44,4783267.029
539,539,150.0093994,16,287648.44,4783267.029
540,540,150.0316925,8,287649.44,4783267.029
541,541,150.0456543,8,287650.44,4783267.029
542,542,150.0700684,16,287651.44,4783267.029
543,543,150.0631561,1,287652.44,4783267.029
544,544,150.0437622,1,287653.44,4783267.029
545,545,150.0226288,1,287654.44,4783267.029
546,546,150.0116425,1,287655.44,4783267.029
547,547,149.9921112,1,287656.44,4783267.029
548,548,149.962204,64,287657.44,4783267.029
549,549,150.1061096,16,287658.44,4783267.029
550,550,150.1850128,16,287659.44,4783267.029
551,551,150.1962891,16,287660.44,4783267.029
552,552,154.2442017,16,287661.44,4783267.029
553,553,160.413681,16,287662.44,4783267.029
554,554,159.4300537,8,287663.44,4783267.029
555,555,159.3086853,1,287664.44,4783267.029
556,556,159.1884003,1,287665.44,4783267.029
557,557,159.0924683,1,287666.44,4783267.029
558,558,158.9933319,1,287667.44,4783267.029
559,559,158.9049835,1,287668.44,4783267.029
560,560,158.7966766,1,287669.44,4783267.029
561,561,158.7216797,1,287670.44,4783267.029
562,562,158.6523285,1,287671.44,4783267.029
563,563,158.5567169,1,287672.44,4783267.029
564,564,158.4576111,1,287673.44,4783267.029
565,565,158.3779907,4,287674.44,4783267.029
566,566,150.0801697,64,287615.44,4783266.029
567,567,150.0438385,64,287616.44,4783266.029
568,568,150.0541077,32,287617.44,4783266.029
569,569,150.04039,128,287618.44,4783266.029
570,570,150.0084839,128,287619.44,4783266.029
571,571,150.00354,64,287620.44,4783266.029
572,572,150.0398407,32,287621.44,4783266.029
573,573,150.0758209,32,287622.44,4783266.029
574,574,150.0835114,128,287623.44,4783266.029
575,575,150.06073,64,287624.44,4783266.029
576,576,150.0501099,64,287625.44,4783266.029
577,577,150.0441895,32,287626.44,4783266.029
578,578,150.0923615,16,287627.44,4783266.029
579,579,150.1416016,32,287628.44,4783266.029
580,580,150.1649475,32,287629.44,4783266.029
581,581,150.167984,64,287630.44,4783266.029
582,582,150.1795807,64,287631.44,4783266.029
583,583,150.1718445,1,287632.44,4783266.029
584,584,150.1322174,1,287633.44,4783266.029
585,585,150.0831451,1,287634.44,4783266.029
586,586,150.0087433,64,287635.44,4783266.029
587,587,150.0040436,1,287636.44,4783266.029
588,588,149.9593964,128,287637.44,4783266.029
589,589,150.024353,1,287638.44,4783266.029
590,590,149.980072,1,287639.44,4783266.029
591,591,149.9463043,64,287640.44,4783266.029
592,592,150.1165161,16,287641.44,4783266.029
593,593,150.1777039,16,287642.44,4783266.029
594,594,150.1586151,1,287643.44,4783266.029
595,595,150.100235,128,287644.44,4783266.029
596,596,150.0240784,1,287645.44,4783266.029
597,597,149.9546356,4,287646.44,4783266.029
598,598,149.9803162,16,287647.44,4783266.029
599,599,149.9994507,8,287648.44,4783266.029
600,600,150.0133362,16,287649.44,4783266.029
601,601,150.0445557,16,287650.44,4783266.029
602,602,150.0617523,8,287651.44,4783266.029
603,603,150.0655365,1,287652.44,4783266.029
604,604,150.0484314,1,287653.44,4783266.029
605,605,150.0198059,1,287654.44,4783266.029
606,606,150.0076752,128,287655.44,4783266.029
607,607,151.1797485,64,287656.44,4783266.029
608,608,151.3828278,64,287657.44,4783266.029
609,609,152.2797394,64,287658.44,4783266.029
610,610,150.5672302,64,287659.44,4783266.029
611,611,150.1985474,32,287660.44,4783266.029
612,612,152.588028,16,287661.44,4783266.029
613,613,159.0364685,16,287662.44,4783266.029
614,614,159.4394531,8,287663.44,4783266.029
615,615,159.3130951,1,287664.44,4783266.029
616,616,159.2014465,1,287665.44,4783266.029
617,617,159.1073914,1,287666.44,4783266.029
618,618,159.0087433,1,287667.44,4783266.029
619,619,158.9024963,1,287668.44,4783266.029
620,620,158.7984161,1,287669.44,4783266.029
621,621,158.7224731,1,287670.44,4783266.029
622,622,158.6539612,1,287671.44,4783266.029
623,623,158.5562897,1,287672.44,4783266.029
624,624,158.46492,1,287673.44,4783266.029
625,625,158.3693695,2,287674.44,4783266.029
626,626,150.1228943,128,287615.44,4783265.029
627,627,150.106842,64,287616.44,4783265.029
628,628,150.0986481,64,287617.44,4783265.029
629,629,150.0939484,128,287618.44,4783265.029
630,630,150.065094,64,287619.44,4783265.029
631,631,150.0673065,64,287620.44,4783265.029
632,632,150.1115265,32,287621.44,4783265.029
633,633,150.1434784,32,287622.44,4783265.029
634,634,150.1455688,64,287623.44,4783265.029
635,635,150.1392975,64,287624.44,4783265.029
636,636,150.1552124,64,287625.44,4783265.029
637,637,150.1676941,64,287626.44,4783265.029
638,638,150.183075,32,287627.44,4783265.029
639,639,150.2100067,32,287628.44,4783265.029
640,640,150.2291412,64,287629.44,4783265.029
641,641,150.2122498,64,287630.44,4783265.029
642,642,150.2195129,64,287631.44,4783265.029
643,643,150.203125,128,287632.44,4783265.029
644,644,150.1720123,128,287633.44,4783265.029
645,645,150.1211243,1,287634.44,4783265.029
646,646,150.0259705,64,287635.44,4783265.029
647,647,150.0229797,128,287636.44,4783265.029
648,648,150.0324554,64,287637.44,4783265.029
649,649,150.0519409,128,287638.44,4783265.029
650,650,150.0479126,64,287639.44,4783265.029
651,651,150.0460205,64,287640.44,4783265.029
652,652,150.1305695,32,287641.44,4783265.029
653,653,150.1809692,16,287642.44,4783265.029
654,654,150.1595306,128,287643.44,4783265.029
655,655,150.1328888,1,287644.44,4783265.029
656,656,150.0310059,1,287645.44,4783265.029
657,657,149.9464722,4,287646.44,4783265.029
658,658,149.9694366,16,287647.44,4783265.029
659,659,149.9967041,16,287648.44,4783265.029
660,660,150.0111694,16,287649.44,4783265.029
661,661,150.0297699,16,287650.44,4783265.029
662,662,150.0492249,16,287651.44,4783265.029
663,663,150.0688477,1,287652.44,4783265.029
664,664,150.0482178,128,287653.44,4783265.029
665,665,150.0323639,1,287654.44,4783265.029
666,666,150.0118866,64,287655.44,4783265.029
667,667,153.1922913,16,287656.44,4783265.029
668,668,153.669693,64,287657.44,4783265.029
669,669,154.4836884,128,287658.44,4783265.029
670,670,151.7860718,64,287659.44,4783265.029
671,671,151.727356,64,287660.44,4783265.029
672,672,150.9608765,4,287661.44,4783265.029
673,673,158.2324524,16,287662.44,4783265.029
674,674,159.4486084,8,287663.44,4783265.029
675,675,159.3171844,1,287664.44,4783265.029
676,676,159.2216187,1,287665.44,4783265.029
677,677,159.1250763,1,287666.44,4783265.029
678,678,159.022171,1,287667.44,4783265.029
679,679,158.9346161,1,287668.44,4783265.029
680,680,158.8047028,1,287669.44,4783265.029
681,681,158.7343597,1,287670.44,4783265.029
682,682,158.6689911,1,287671.44,4783265.029
683,683,158.5667267,1,287672.44,4783265.029
684,684,158.4769287,1,287673.44,4783265.029
685,685,158.3733368,1,287674.44,4783265.029
686,686,158.2695465,1,287675.44,4783265.029
687,687,150.1489868,128,287615.44,4783264.029
688,688,150.1554871,64,287616.44,4783264.029
689,689,150.1481323,64,287617.44,4783264.029
690,690,150.2061462,64,287618.44,4783264.029
691,691,150.2012634,64,287619.44,4783264.029
692,692,150.2164154,64,287620.44,4783264.029
693,693,150.2197113,64,287621.44,4783264.029
694,694,150.2260742,64,287622.44,4783264.029
695,695,150.2425537,64,287623.44,4783264.029
696,696,150.2398376,64,287624.44,4783264.029
697,697,150.2631378,64,287625.44,4783264.029
698,698,150.2913208,64,287626.44,4783264.029
699,699,150.3098907,64,287627.44,4783264.029
700,700,150.321106,64,287628.44,4783264.029
701,701,150.3184662,64,287629.44,4783264.029
702,702,150.3057709,64,287630.44,4783264.029
703,703,150.2992706,64,287631.44,4783264.029
704,704,150.760788,64,287632.44,4783264.029
705,705,150.9617157,64,287633.44,4783264.029
706,706,150.6830292,64,287634.44,4783264.029
707,707,150.7882996,64,287635.44,4783264.029
708,708,150.3951263,64,287636.44,4783264.029
709,709,150.1806488,64,287637.44,4783264.029
710,710,150.175415,64,287638.44,4783264.029
711,711,150.1720886,64,287639.44,4783264.029
712,712,150.1822205,64,287640.44,4783264.029
713,713,150.1980591,32,287641.44,4783264.029
714,714,150.1926727,32,287642.44,4783264.029
715,715,150.1723328,1,287643.44,4783264.029
716,716,150.1410065,1,287644.44,4783264.029
717,717,150.017868,1,287645.44,4783264.029
718,718,149.9472656,64,287646.44,4783264.029
719,719,149.9649048,16,287647.44,4783264.029
720,720,149.9930573,16,287648.44,4783264.029
721,721,150.0047607,16,287649.44,4783264.029
722,722,150.0280457,16,287650.44,4783264.029
723,723,150.0444183,8,287651.44,4783264.029
724,724,150.0666046,16,287652.44,4783264.029
725,725,150.0464325,1,287653.44,4783264.029
726,726,150.0307159,1,287654.44,4783264.029
727,727,150.0120087,64,287655.44,4783264.029
728,728,154.2870636,16,287656.44,4783264.029
729,729,155.7350006,64,287657.44,4783264.029
730,730,154.8447876,128,287658.44,4783264.029
731,731,155.6401367,64,287659.44,4783264.029
732,732,153.4826508,1,287660.44,4783264.029
733,733,150.2048645,4,287661.44,4783264.029
734,734,154.5490112,16,287662.44,4783264.029
735,735,159.4756012,16,287663.44,4783264.029
736,736,159.351532,128,287664.44,4783264.029
737,737,159.263504,1,287665.44,4783264.029
738,738,159.1451111,1,287666.44,4783264.029
739,739,159.0362701,1,287667.44,4783264.029
740,740,158.9437714,1,287668.44,4783264.029
741,741,158.8333893,1,287669.44,4783264.029
742,742,158.7539825,1,287670.44,4783264.029
743,743,158.6845551,1,287671.44,4783264.029
744,744,158.5777435,1,287672.44,4783264.029
745,745,158.4803467,1,287673.44,4783264.029
746,746,158.3861084,1,287674.44,4783264.029
747,747,158.2867279,64,287675.44,4783264.029
748,748,150.1678619,128,287616.44,4783263.029
749,749,150.1781006,64,287617.44,4783263.029
750,750,150.2093658,32,287618.44,4783263.029
751,751,150.2281952,64,287619.44,4783263.029
752,752,150.2451782,32,287620.44,4783263.029
753,753,150.2516479,64,287621.44,4783263.029
754,754,150.264389,64,287622.44,4783263.029
755,755,150.2739105,32,287623.44,4783263.029
756,756,150.2860565,64,287624.44,4783263.029
757,757,150.2969666,32,287625.44,4783263.029
758,758,150.3065643,32,287626.44,4783263.029
759,759,150.3191223,32,287627.44,4783263.029
760,760,150.3270569,32,287628.44,4783263.029
761,761,150.3292999,128,287629.44,4783263.029
762,762,150.3137665,128,287630.44,4783263.029
763,763,150.5097961,64,287631.44,4783263.029
764,764,151.3598938,16,287632.44,4783263.029
765,765,151.3738861,4,287633.44,4783263.029
766,766,151.8887177,64,287634.44,4783263.029
767,767,151.8812256,4,287635.44,4783263.029
768,768,151.5691681,1,287636.44,4783263.029
769,769,150.1998596,64,287637.44,4783263.029
770,770,150.1861725,1,287638.44,4783263.029
771,771,150.1712494,1,287639.44,4783263.029
772,772,150.1517944,4,287640.44,4783263.029
773,773,150.187912,16,287641.44,4783263.029
774,774,150.1941528,128,287642.44,4783263.029
775,775,150.1814575,128,287643.44,4783263.029
776,776,150.1537476,1,287644.44,4783263.029
777,777,150.0555573,1,287645.44,4783263.029
778,778,149.943985,64,287646.44,4783263.029
779,779,149.9620667,16,287647.44,4783263.029
780,780,149.9918365,16,287648.44,4783263.029
781,781,150.0020752,8,287649.44,4783263.029
782,782,150.0150909,16,287650.44,4783263.029
783,783,150.038559,16,287651.44,4783263.029
784,784,150.0632629,16,287652.44,4783263.029
785,785,150.0445709,1,287653.44,4783263.029
786,786,150.0321808,128,287654.44,4783263.029
787,787,152.831604,64,287655.44,4783263.029
788,788,154.8149414,32,287656.44,4783263.029
789,789,155.5205841,32,287657.44,4783263.029
790,790,155.6616974,64,287658.44,4783263.029
791,791,155.6700745,128,287659.44,4783263.029
792,792,154.585083,1,287660.44,4783263.029
793,793,150.2052002,64,287661.44,4783263.029
794,794,154.6224976,16,287662.44,4783263.029
795,795,159.505249,8,287663.44,4783263.029
796,796,159.3879852,1,287664.44,4783263.029
797,797,159.2791443,1,287665.44,4783263.029
798,798,159.1604004,1,287666.44,4783263.029
799,799,159.0541077,1,287667.44,4783263.029
800,800,158.964035,1,287668.44,4783263.029
801,801,158.8505402,1,287669.44,4783263.029
802,802,158.7678986,1,287670.44,4783263.029
803,803,158.6965637,1,287671.44,4783263.029
804,804,158.5980835,1,287672.44,4783263.029
805,805,158.5090027,1,287673.44,4783263.029
806,806,158.401825,1,287674.44,4783263.029
807,807,158.302948,2,287675.44,4783263.029
808,808,150.1953278,64,287616.44,4783262.029
809,809,150.2123718,64,287617.44,4783262.029
810,810,150.2092896,32,287618.44,4783262.029
811,811,150.2263641,16,287619.44,4783262.029
812,812,150.2467041,16,287620.44,4783262.029
813,813,150.2460632,32,287621.44,4783262.029
814,814,150.2598114,16,287622.44,4783262.029
815,815,150.2740631,16,287623.44,4783262.029
816,816,150.2849121,16,287624.44,4783262.029
817,817,150.2937012,16,287625.44,4783262.029
818,818,150.3097992,16,287626.44,4783262.029
819,819,150.3161621,32,287627.44,4783262.029
820,820,150.3293915,16,287628.44,4783262.029
821,821,150.3294067,1,287629.44,4783262.029
822,822,150.3182678,64,287630.44,4783262.029
823,823,150.3011475,32,287631.44,4783262.029
824,824,150.5382385,16,287632.44,4783262.029
825,825,150.6393738,16,287633.44,4783262.029
826,826,150.7432251,16,287634.44,4783262.029
827,827,150.7649231,1,287635.44,4783262.029
828,828,150.6652222,1,287636.44,4783262.029
829,829,150.1993866,1,287637.44,4783262.029
830,830,150.1837921,1,287638.44,4783262.029
831,831,150.1666107,1,287639.44,4783262.029
832,832,150.1301575,64,287640.44,4783262.029
833,833,150.1797485,16,287641.44,4783262.029
834,834,150.1895905,16,287642.44,4783262.029
835,835,150.1906586,128,287643.44,4783262.029
836,836,150.1696167,1,287644.44,4783262.029
837,837,150.0653534,1,287645.44,4783262.029
838,838,149.9494629,64,287646.44,4783262.029
839,839,149.9620972,16,287647.44,4783262.029
840,840,149.9851227,8,287648.44,4783262.029
841,841,149.9992676,16,287649.44,4783262.029
842,842,150.011322,8,287650.44,4783262.029
843,843,150.0393219,16,287651.44,4783262.029
844,844,150.056076,8,287652.44,4783262.029
845,845,150.0489655,2,287653.44,4783262.029
846,846,150.0362091,4,287654.44,4783262.029
847,847,150.695755,16,287655.44,4783262.029
848,848,154.6603241,16,287656.44,4783262.029
849,849,155.0692749,4,287657.44,4783262.029
850,850,155.8905334,8,287658.44,4783262.029
851,851,155.1741638,1,287659.44,4783262.029
852,852,154.0990601,1,287660.44,4783262.029
853,853,150.222641,64,287661.44,4783262.029
854,854,151.7851563,16,287662.44,4783262.029
855,855,159.5463104,16,287663.44,4783262.029
856,856,159.4086456,128,287664.44,4783262.029
857,857,159.3225861,1,287665.44,4783262.029
858,858,159.1791077,1,287666.44,4783262.029
859,859,159.0814362,128,287667.44,4783262.029
860,860,158.9988098,1,287668.44,4783262.029
861,861,158.8847504,1,287669.44,4783262.029
862,862,158.7997437,128,287670.44,4783262.029
863,863,158.7275238,1,287671.44,4783262.029
864,864,158.6213989,1,287672.44,4783262.029
865,865,158.5296631,128,287673.44,4783262.029
866,866,158.4412842,1,287674.44,4783262.029
867,867,158.3396454,2,287675.44,4783262.029
868,868,158.2448578,4,287676.44,4783262.029
869,869,150.2269592,64,287616.44,4783261.029
870,870,150.2350464,32,287617.44,4783261.029
871,871,150.2273102,64,287618.44,4783261.029
872,872,150.2511597,32,287619.44,4783261.029
873,873,150.9232483,64,287620.44,4783261.029
874,874,151.3739929,64,287621.44,4783261.029
875,875,150.2749939,32,287622.44,4783261.029
876,876,150.2873535,32,287623.44,4783261.029
877,877,151.41362,64,287624.44,4783261.029
878,878,151.1771393,64,287625.44,4783261.029
879,879,151.8456879,64,287626.44,4783261.029
880,880,151.0175171,64,287627.44,4783261.029
881,881,151.8925629,64,287628.44,4783261.029
882,882,151.9094543,64,287629.44,4783261.029
883,883,152.4091797,64,287630.44,4783261.029
884,884,150.3184509,64,287631.44,4783261.029
885,885,150.967804,16,287632.44,4783261.029
886,886,151.4675598,64,287633.44,4783261.029
887,887,151.1331177,64,287634.44,4783261.029
888,888,151.2524719,64,287635.44,4783261.029
889,889,151.9691467,64,287636.44,4783261.029
890,890,150.8795166,64,287637.44,4783261.029
891,891,151.9685822,64,287638.44,4783261.029
892,892,151.5587463,64,287639.44,4783261.029
893,893,151.880127,64,287640.44,4783261.029
894,894,151.6038208,64,287641.44,4783261.029
895,895,151.0961456,64,287642.44,4783261.029
896,896,150.1927643,128,287643.44,4783261.029
897,897,150.1837921,1,287644.44,4783261.029
898,898,150.0950928,1,287645.44,4783261.029
899,899,149.9796448,64,287646.44,4783261.029
900,900,149.9518433,4,287647.44,4783261.029
901,901,149.9859161,16,287648.44,4783261.029
902,902,149.9892731,8,287649.44,4783261.029
903,903,150.006134,16,287650.44,4783261.029
904,904,150.0301819,16,287651.44,4783261.029
905,905,150.0501251,8,287652.44,4783261.029
906,906,150.0434265,1,287653.44,4783261.029
907,907,150.030304,2,287654.44,4783261.029
908,908,150.8555298,4,287655.44,4783261.029
909,909,153.9853516,16,287656.44,4783261.029
910,910,154.0057068,4,287657.44,4783261.029
911,911,155.7221527,8,287658.44,4783261.029
912,912,154.7240601,128,287659.44,4783261.029
913,913,155.6646118,1,287660.44,4783261.029
914,914,151.4322815,64,287661.44,4783261.029
915,915,151.3046265,4,287662.44,4783261.029
916,916,159.5811462,4,287663.44,4783261.029
917,917,159.466568,4,287664.44,4783261.029
918,918,159.379837,4,287665.44,4783261.029
919,919,159.2435303,4,287666.44,4783261.029
920,920,159.1495056,4,287667.44,4783261.029
921,921,159.0480042,4,287668.44,4783261.029
922,922,158.9439697,4,287669.44,4783261.029
923,923,158.8578033,4,287670.44,4783261.029
924,924,158.776474,4,287671.44,4783261.029
925,925,158.6721344,4,287672.44,4783261.029
926,926,159.0782318,4,287673.44,4783261.029
927,927,158.4826965,4,287674.44,4783261.029
928,928,158.3943176,4,287675.44,4783261.029
929,929,156.7163391,4,287676.44,4783261.029
930,930,150.7979736,64,287616.44,4783260.029
931,931,150.6308746,64,287617.44,4783260.029
932,932,150.7106476,64,287618.44,4783260.029
933,933,151.0258942,64,287619.44,4783260.029
934,934,153.305542,64,287620.44,4783260.029
935,935,155.2982483,64,287621.44,4783260.029
936,936,155.5052338,64,287622.44,4783260.029
937,937,154.5457001,64,287623.44,4783260.029
938,938,156.1201935,64,287624.44,4783260.029
939,939,155.129425,64,287625.44,4783260.029
940,940,155.5787659,64,287626.44,4783260.029
941,941,156.3062134,64,287627.44,4783260.029
942,942,155.9354706,64,287628.44,4783260.029
943,943,156.5861969,64,287629.44,4783260.029
944,944,156.2545929,128,287630.44,4783260.029
945,945,156.3775635,64,287631.44,4783260.029
946,946,154.8795929,64,287632.44,4783260.029
947,947,155.630661,64,287633.44,4783260.029
948,948,154.4061279,64,287634.44,4783260.029
949,949,154.8653564,64,287635.44,4783260.029
950,950,155.9875641,64,287636.44,4783260.029
951,951,155.0800018,64,287637.44,4783260.029
952,952,156.0174408,64,287638.44,4783260.029
953,953,154.8758087,64,287639.44,4783260.029
954,954,155.3151398,64,287640.44,4783260.029
955,955,155.2962189,64,287641.44,4783260.029
956,956,152.1153564,1,287642.44,4783260.029
957,957,150.1941986,1,287643.44,4783260.029
958,958,150.1838531,128,287644.44,4783260.029
959,959,150.1446991,1,287645.44,4783260.029
960,960,150.0098724,1,287646.44,4783260.029
961,961,149.9453125,4,287647.44,4783260.029
962,962,149.9662323,16,287648.44,4783260.029
963,963,149.9896393,16,287649.44,4783260.029
964,964,150.0104065,16,287650.44,4783260.029
965,965,150.0207214,8,287651.44,4783260.029
966,966,150.0424042,16,287652.44,4783260.029
967,967,150.0520172,2,287653.44,4783260.029
968,968,150.0381012,1,287654.44,4783260.029
969,969,150.0167236,2,287655.44,4783260.029
970,970,151.3278351,4,287656.44,4783260.029
971,971,151.6184845,8,287657.44,4783260.029
972,972,155.116684,16,287658.44,4783260.029
973,973,155.0814362,64,287659.44,4783260.029
974,974,155.6573334,128,287660.44,4783260.029
975,975,154.009079,1,287661.44,4783260.029
976,976,150.2205505,1,287662.44,4783260.029
977,977,150.2188873,16,287663.44,4783260.029
978,978,150.2331696,16,287664.44,4783260.029
979,979,150.2742004,16,287665.44,4783260.029
980,980,150.3257751,16,287666.44,4783260.029
981,981,150.3733826,8,287667.44,4783260.029
982,982,150.3868713,4,287668.44,4783260.029
983,983,150.3787384,8,287669.44,4783260.029
984,984,150.3796082,8,287670.44,4783260.029
985,985,150.3868561,8,287671.44,4783260.029
986,986,150.3896637,2,287672.44,4783260.029
987,987,150.3830261,4,287673.44,4783260.029
988,988,150.3681946,4,287674.44,4783260.029
989,989,150.3703766,4,287675.44,4783260.029
990,990,150.359787,2,287676.44,4783260.029
991,991,150.2782898,4,287616.44,4783259.029
992,992,150.2784119,8,287617.44,4783259.029
993,993,150.3359222,16,287618.44,4783259.029
994,994,150.4357147,4,287619.44,4783259.029
995,995,151.9597168,16,287620.44,4783259.029
996,996,156.9975433,16,287621.44,4783259.029
997,997,157.0007782,128,287622.44,4783259.029
998,998,157.0010834,64,287623.44,4783259.029
999,999,157.0759735,32,287624.44,4783259.029
1000,1000,157.0143127,64,287625.44,4783259.029
1001,1001,157.0270233,64,287626.44,4783259.029
1002,1002,157.0427246,32,287627.44,4783259.029
1003,1003,157.0626831,64,287628.44,4783259.029
1004,1004,157.0870667,32,287629.44,4783259.029
1005,1005,157.1356812,64,287630.44,4783259.029
1006,1006,157.1750488,128,287631.44,4783259.029
1007,1007,157.810257,64,287632.44,4783259.029
1008,1008,157.2562103,128,287633.44,4783259.029
1009,1009,157.2367249,64,287634.44,4783259.029
1010,1010,157.1720123,64,287635.44,4783259.029
1011,1011,157.2140961,32,287636.44,4783259.029
1012,1012,157.2373657,64,287637.44,4783259.029
1013,1013,157.2496796,128,287638.44,4783259.029
1014,1014,157.2271271,64,287639.44,4783259.029
1015,1015,157.2308655,64,287640.44,4783259.029
1016,1016,156.4109497,1,287641.44,4783259.029
1017,1017,152.3436432,1,287642.44,4783259.029
1018,1018,150.1929016,128,287643.44,4783259.029
1019,1019,151.0376587,1,287644.44,4783259.029
1020,1020,150.1575775,128,287645.44,4783259.029
1021,1021,150.0968018,1,287646.44,4783259.029
1022,1022,149.9389648,4,287647.44,4783259.029
1023,1023,149.9687958,16,287648.44,4783259.029
1024,1024,149.9886627,16,287649.44,4783259.029
1025,1025,149.998703,8,287650.44,4783259.029
1026,1026,150.0235138,16,287651.44,4783259.029
1027,1027,150.0363617,16,287652.44,4783259.029
1028,1028,150.0584412,1,287653.44,4783259.029
1029,1029,150.0293274,128,287654.44,4783259.029
1030,1030,150.0214233,1,287655.44,4783259.029
1031,1031,149.9972534,4,287656.44,4783259.029
1032,1032,152.7069397,16,287657.44,4783259.029
1033,1033,156.3612213,16,287658.44,4783259.029
1034,1034,154.0757751,2,287659.44,4783259.029
1035,1035,155.4277344,1,287660.44,4783259.029
1036,1036,153.9996948,128,287661.44,4783259.029
1037,1037,152.4825592,64,287662.44,4783259.029
1038,1038,152.0839844,64,287663.44,4783259.029
1039,1039,150.2412262,4,287664.44,4783259.029
1040,1040,150.2645111,4,287665.44,4783259.029
1041,1041,150.2932587,8,287666.44,4783259.029
1042,1042,150.3227844,4,287667.44,4783259.029
1043,1043,150.3318481,4,287668.44,4783259.029
1044,1044,150.3541718,8,287669.44,4783259.029
1045,1045,150.36409,8,287670.44,4783259.029
1046,1046,150.3736877,4,287671.44,4783259.029
1047,1047,150.3716125,2,287672.44,4783259.029
1048,1048,150.3564453,2,287673.44,4783259.029
1049,1049,150.3492584,4,287674.44,4783259.029
1050,1050,150.3480377,2,287675.44,4783259.029
1051,1051,150.3438721,2,287676.44,4783259.029
1052,1052,150.3259888,4,287677.44,4783259.029
1053,1053,150.2615967,2,287616.44,4783258.029
1054,1054,150.277832,4,287617.44,4783258.029
1055,1055,150.3072357,8,287618.44,4783258.029
1056,1056,150.3014526,16,287619.44,4783258.029
1057,1057,152.7949066,16,287620.44,4783258.029
1058,1058,156.9955597,16,287621.44,4783258.029
1059,1059,157.0095825,1,287622.44,4783258.029
1060,1060,156.9906006,1,287623.44,4783258.029
1061,1061,156.9890137,16,287624.44,4783258.029
1062,1062,156.9988251,16,287625.44,4783258.029
1063,1063,157.0013428,8,287626.44,4783258.029
1064,1064,157.0207367,16,287627.44,4783258.029
1065,1065,157.0440369,16,287628.44,4783258.029
1066,1066,157.0762939,16,287629.44,4783258.029
1067,1067,157.1277008,16,287630.44,4783258.029
1068,1068,157.1852875,16,287631.44,4783258.029
1069,1069,158.0030823,16,287632.44,4783258.029
1070,1070,157.7277985,64,287633.44,4783258.029
1071,1071,157.7220306,64,287634.44,4783258.029
1072,1072,157.7184601,64,287635.44,4783258.029
1073,1073,157.7278748,64,287636.44,4783258.029
1074,1074,157.6945648,64,287637.44,4783258.029
1075,1075,157.7340546,64,287638.44,4783258.029
1076,1076,157.7237701,64,287639.44,4783258.029
1077,1077,157.7519989,128,287640.44,4783258.029
1078,1078,157.7451324,128,287641.44,4783258.029
1079,1079,154.8721924,128,287642.44,4783258.029
1080,1080,151.627533,64,287643.44,4783258.029
1081,1081,151.8056793,4,287644.44,4783258.029
1082,1082,150.671402,1,287645.44,4783258.029
1083,1083,150.1359406,1,287646.44,4783258.029
1084,1084,149.9390411,64,287647.44,4783258.029
1085,1085,149.9657135,16,287648.44,4783258.029
1086,1086,149.9828033,16,287649.44,4783258.029
1087,1087,150.0007477,16,287650.44,4783258.029
1088,1088,150.0220184,16,287651.44,4783258.029
1089,1089,150.0345154,16,287652.44,4783258.029
1090,1090,150.0553741,1,287653.44,4783258.029
1091,1091,150.0327301,1,287654.44,4783258.029
1092,1092,150.0189667,1,287655.44,4783258.029
1093,1093,149.9983215,4,287656.44,4783258.029
1094,1094,151.4425354,16,287657.44,4783258.029
1095,1095,155.9102325,16,287658.44,4783258.029
1096,1096,155.778656,2,287659.44,4783258.029
1097,1097,155.0067749,4,287660.44,4783258.029
1098,1098,155.0918579,128,287661.44,4783258.029
1099,1099,153.8840485,64,287662.44,4783258.029
1100,1100,152.9318542,1,287663.44,4783258.029
1101,1101,150.2129364,4,287664.44,4783258.029
1102,1102,150.232132,16,287665.44,4783258.029
1103,1103,150.2583008,16,287666.44,4783258.029
1104,1104,150.2458496,1,287667.44,4783258.029
1105,1105,150.2294769,4,287668.44,4783258.029
1106,1106,150.2872162,16,287669.44,4783258.029
1107,1107,150.3232117,16,287670.44,4783258.029
1108,1108,150.3358154,16,287671.44,4783258.029
1109,1109,150.3505249,2,287672.44,4783258.029
1110,1110,150.334259,2,287673.44,4783258.029
1111,1111,150.3221741,2,287674.44,4783258.029
1112,1112,150.319397,1,287675.44,4783258.029
1113,1113,150.2815704,1,287676.44,4783258.029
1114,1114,150.2376404,1,287677.44,4783258.029
1115,1115,150.2448273,4,287617.44,4783257.029
1116,1116,151.1603394,16,287618.44,4783257.029
1117,1117,151.1598053,64,287619.44,4783257.029
1118,1118,152.3634186,32,287620.44,4783257.029
1119,1119,157.0001984,16,287621.44,4783257.029
1120,1120,157.0054932,1,287622.44,4783257.029
1121,1121,156.9938049,64,287623.44,4783257.029
1122,1122,157.0001984,64,287624.44,4783257.029
1123,1123,156.9942627,32,287625.44,4783257.029
1124,1124,157.0030212,4,287626.44,4783257.029
1125,1125,157.0126648,8,287627.44,4783257.029
1126,1126,157.0421143,16,287628.44,4783257.029
1127,1127,157.0803375,8,287629.44,4783257.029
1128,1128,157.1407471,16,287630.44,4783257.029
1129,1129,157.1742096,8,287631.44,4783257.029
1130,1130,157.8640289,16,287632.44,4783257.029
1131,1131,158.080719,4,287633.44,4783257.029
1132,1132,158.0984802,4,287634.44,4783257.029
1133,1133,158.0956879,4,287635.44,4783257.029
1134,1134,158.1044922,4,287636.44,4783257.029
1135,1135,158.0945892,64,287637.44,4783257.029
1136,1136,158.0920258,4,287638.44,4783257.029
1137,1137,158.1199951,64,287639.44,4783257.029
1138,1138,158.1192322,4,287640.44,4783257.029
1139,1139,158.1113586,1,287641.44,4783257.029
1140,1140,155.2229614,1,287642.44,4783257.029
1141,1141,150.9361725,1,287643.44,4783257.029
1142,1142,150.1889801,1,287644.44,4783257.029
1143,1143,150.1729126,128,287645.44,4783257.029
1144,1144,150.1562347,1,287646.44,4783257.029
1145,1145,149.963913,64,287647.44,4783257.029
1146,1146,149.9619751,32,287648.44,4783257.029
1147,1147,149.9854889,16,287649.44,4783257.029
1148,1148,150.0044556,16,287650.44,4783257.029
1149,1149,150.0174255,16,287651.44,4783257.029
1150,1150,150.0275574,8,287652.44,4783257.029
1151,1151,150.0571442,16,287653.44,4783257.029
1152,1152,150.0431671,128,287654.44,4783257.029
1153,1153,150.0283051,1,287655.44,4783257.029
1154,1154,149.997406,2,287656.44,4783257.029
1155,1155,152.0394745,4,287657.44,4783257.029
1156,1156,154.9927216,8,287658.44,4783257.029
1157,1157,156.2989197,2,287659.44,4783257.029
1158,1158,153.9568634,4,287660.44,4783257.029
1159,1159,154.9870148,8,287661.44,4783257.029
1160,1160,153.448349,4,287662.44,4783257.029
1161,1161,153.2377625,4,287663.44,4783257.029
1162,1162,150.2192993,8,287664.44,4783257.029
1163,1163,150.2269592,16,287665.44,4783257.029
1164,1164,150.2531433,16,287666.44,4783257.029
1165,1165,150.2530518,1,287667.44,4783257.029
1166,1166,150.2358704,64,287668.44,4783257.029
1167,1167,150.2808685,16,287669.44,4783257.029
1168,1168,150.3238525,16,287670.44,4783257.029
1169,1169,150.3608856,16,287671.44,4783257.029
1170,1170,150.3430176,1,287672.44,4783257.029
1171,1171,150.318512,1,287673.44,4783257.029
1172,1172,150.3011475,1,287674.44,4783257.029
1173,1173,150.2848206,1,287675.44,4783257.029
1174,1174,150.2749939,128,287676.44,4783257.029
1175,1175,150.2609711,64,287677.44,4783257.029
1176,1176,150.2142181,4,287617.44,4783256.029
1177,1177,151.9879913,16,287618.44,4783256.029
1178,1178,152.2927094,64,287619.44,4783256.029
1179,1179,153.6546478,32,287620.44,4783256.029
1180,1180,157.0017548,16,287621.44,4783256.029
1181,1181,157.0026703,1,287622.44,4783256.029
1182,1182,156.9832916,64,287623.44,4783256.029
1183,1183,157.008728,16,287624.44,4783256.029
1184,1184,157.0493011,1,287625.44,4783256.029
1185,1185,156.9909058,4,287626.44,4783256.029
1186,1186,157.0037079,16,287627.44,4783256.029
1187,1187,157.0256042,16,287628.44,4783256.029
1188,1188,157.0641022,16,287629.44,4783256.029
1189,1189,157.1238556,16,287630.44,4783256.029
1190,1190,157.1787262,16,287631.44,4783256.029
1191,1191,157.7291718,16,287632.44,4783256.029
1192,1192,157.6817322,4,287633.44,4783256.029
1193,1193,157.7021179,4,287634.44,4783256.029
1194,1194,157.6893921,4,287635.44,4783256.029
1195,1195,157.7046814,4,287636.44,4783256.029
1196,1196,157.7164917,4,287637.44,4783256.029
1197,1197,157.7068024,4,287638.44,4783256.029
1198,1198,157.7468109,4,287639.44,4783256.029
1199,1199,157.7163696,4,287640.44,4783256.029
1200,1200,157.7437592,128,287641.44,4783256.029
1201,1201,156.4397583,1,287642.44,4783256.029
1202,1202,150.8695679,1,287643.44,4783256.029
1203,1203,150.1940765,1,287644.44,4783256.029
1204,1204,150.1778717,128,287645.44,4783256.029
1205,1205,150.1712952,128,287646.44,4783256.029
1206,1206,150.057785,64,287647.44,4783256.029
1207,1207,149.9649048,64,287648.44,4783256.029
1208,1208,149.9899445,16,287649.44,4783256.029
1209,1209,150.0054016,16,287650.44,4783256.029
1210,1210,150.0090637,16,287651.44,4783256.029
1211,1211,150.0302887,16,287652.44,4783256.029
1212,1212,150.0501099,8,287653.44,4783256.029
1213,1213,150.0408478,1,287654.44,4783256.029
1214,1214,150.0252991,1,287655.44,4783256.029
1215,1215,149.9943848,2,287656.44,4783256.029
1216,1216,149.9876404,2,287657.44,4783256.029
1217,1217,152.7462006,4,287658.44,4783256.029
1218,1218,153.6124573,4,287659.44,4783256.029
1219,1219,150.8185577,4,287660.44,4783256.029
1220,1220,154.34758,16,287661.44,4783256.029
1221,1221,150.905365,4,287662.44,4783256.029
1222,1222,150.2009125,8,287663.44,4783256.029
1223,1223,150.2322083,8,287664.44,4783256.029
1224,1224,150.2400055,32,287665.44,4783256.029
1225,1225,150.2579956,32,287666.44,4783256.029
1226,1226,150.2639618,128,287667.44,4783256.029
1227,1227,150.2575989,64,287668.44,4783256.029
1228,1228,150.2897339,32,287669.44,4783256.029
1229,1229,150.3252869,16,287670.44,4783256.029
1230,1230,150.3345795,16,287671.44,4783256.029
1231,1231,150.3492584,1,287672.44,4783256.029
1232,1232,150.3164215,1,287673.44,4783256.029
1233,1233,150.3003387,2,287674.44,4783256.029
1234,1234,150.2794952,4,287675.44,4783256.029
1235,1235,150.2785339,1,287676.44,4783256.029
1236,1236,150.2596893,2,287677.44,4783256.029
1237,1237,150.2312927,4,287678.44,4783256.029
1238,1238,150.1931458,4,287617.44,4783255.029
1239,1239,151.2259064,16,287618.44,4783255.029
1240,1240,152.2288513,8,287619.44,4783255.029
1241,1241,153.798996,16,287620.44,4783255.029
1242,1242,156.997345,16,287621.44,4783255.029
1243,1243,156.9988251,8,287622.44,4783255.029
1244,1244,156.994873,8,287623.44,4783255.029
1245,1245,156.9985199,2,287624.44,4783255.029
1246,1246,157.0449829,1,287625.44,4783255.029
1247,1247,156.9862671,64,287626.44,4783255.029
1248,1248,157.0076294,16,287627.44,4783255.029
1249,1249,157.0212402,16,287628.44,4783255.029
1250,1250,157.0601807,16,287629.44,4783255.029
1251,1251,157.1159973,16,287630.44,4783255.029
1252,1252,157.1578217,16,287631.44,4783255.029
1253,1253,157.7527618,2,287632.44,4783255.029
1254,1254,157.2122498,4,287633.44,4783255.029
1255,1255,157.2251434,4,287634.44,4783255.029
1256,1256,157.2222443,4,287635.44,4783255.029
1257,1257,157.1953735,4,287636.44,4783255.029
1258,1258,157.2033997,4,287637.44,4783255.029
1259,1259,157.1811066,4,287638.44,4783255.029
1260,1260,157.2158966,4,287639.44,4783255.029
1261,1261,157.2195129,4,287640.44,4783255.029
1262,1262,157.2258148,1,287641.44,4783255.029
1263,1263,156.0965729,1,287642.44,4783255.029
1264,1264,152.2499237,1,287643.44,4783255.029
1265,1265,150.1985779,1,287644.44,4783255.029
1266,1266,150.1797485,2,287645.44,4783255.029
1267,1267,150.1808624,1,287646.44,4783255.029
1268,1268,150.0844879,128,287647.44,4783255.029
1269,1269,150.0471191,64,287648.44,4783255.029
1270,1270,150.3300476,64,287649.44,4783255.029
1271,1271,150.1065521,64,287650.44,4783255.029
1272,1272,150.0150909,4,287651.44,4783255.029
1273,1273,150.0203552,8,287652.44,4783255.029
1274,1274,150.0403595,8,287653.44,4783255.029
1275,1275,150.0467529,1,287654.44,4783255.029
1276,1276,150.0241699,1,287655.44,4783255.029
1277,1277,149.9953003,1,287656.44,4783255.029
1278,1278,149.9833679,1,287657.44,4783255.029
1279,1279,149.9626923,2,287658.44,4783255.029
1280,1280,149.9542236,1,287659.44,4783255.029
1281,1281,149.9230042,4,287660.44,4783255.029
1282,1282,151.042984,16,287661.44,4783255.029
1283,1283,150.1489105,4,287662.44,4783255.029
1284,1284,150.1743011,16,287663.44,4783255.029
1285,1285,150.2298584,16,287664.44,4783255.029
1286,1286,150.2365875,8,287665.44,4783255.029
1287,1287,150.252533,16,287666.44,4783255.029
1288,1288,150.2637177,16,287667.44,4783255.029
1289,1289,150.2761536,64,287668.44,4783255.029
1290,1290,150.3243103,16,287669.44,4783255.029
1291,1291,150.3463745,32,287670.44,4783255.029
1292,1292,150.360733,64,287671.44,4783255.029
1293,1293,150.3430328,1,287672.44,4783255.029
1294,1294,150.3180084,2,287673.44,4783255.029
1295,1295,150.3003082,2,287674.44,4783255.029
1296,1296,150.262558,4,287675.44,4783255.029
1297,1297,150.2663574,4,287676.44,4783255.029
1298,1298,150.2732239,1,287677.44,4783255.029
1299,1299,150.2097778,1,287678.44,4783255.029
1300,1300,150.1731262,4,287617.44,4783254.029
1301,1301,150.5448303,16,287618.44,4783254.029
1302,1302,152.2088623,16,287619.44,4783254.029
1303,1303,153.90979,8,287620.44,4783254.029
1304,1304,156.9864807,16,287621.44,4783254.029
1305,1305,156.9915161,16,287622.44,4783254.029
1306,1306,156.9943695,8,287623.44,4783254.029
1307,1307,157.0009308,1,287624.44,4783254.029
1308,1308,156.9914093,128,287625.44,4783254.029
1309,1309,156.9985199,64,287626.44,4783254.029
1310,1310,157.0083618,32,287627.44,4783254.029
1311,1311,157.0246429,16,287628.44,4783254.029
1312,1312,157.042572,16,287629.44,4783254.029
1313,1313,157.1124725,16,287630.44,4783254.029
1314,1314,157.1689758,2,287631.44,4783254.029
1315,1315,157.5762329,2,287632.44,4783254.029
1316,1316,156.7257843,4,287633.44,4783254.029
1317,1317,156.7410126,8,287634.44,4783254.029
1318,1318,156.6838684,4,287635.44,4783254.029
1319,1319,156.6572723,4,287636.44,4783254.029
1320,1320,156.7036133,4,287637.44,4783254.029
1321,1321,156.6536407,4,287638.44,4783254.029
1322,1322,156.6977234,4,287639.44,4783254.029
1323,1323,156.6589203,4,287640.44,4783254.029
1324,1324,156.6979523,4,287641.44,4783254.029
1325,1325,156.7217102,1,287642.44,4783254.029
1326,1326,152.1575165,1,287643.44,4783254.029
1327,1327,150.2081299,1,287644.44,4783254.029
1328,1328,150.1821442,2,287645.44,4783254.029
1329,1329,150.1706238,128,287646.44,4783254.029
1330,1330,150.1427155,128,287647.44,4783254.029
1331,1331,150.8927917,64,287648.44,4783254.029
1332,1332,151.7032318,64,287649.44,4783254.029
1333,1333,150.4493408,1,287650.44,4783254.029
1334,1334,150.0040436,4,287651.44,4783254.029
1335,1335,150.0104218,16,287652.44,4783254.029
1336,1336,150.0239716,16,287653.44,4783254.029
1337,1337,150.0443115,1,287654.44,4783254.029
1338,1338,150.0179443,1,287655.44,4783254.029
1339,1339,149.9951172,1,287656.44,4783254.029
1340,1340,149.9825134,1,287657.44,4783254.029
1341,1341,149.9644623,1,287658.44,4783254.029
1342,1342,149.9426422,1,287659.44,4783254.029
1343,1343,149.9128265,4,287660.44,4783254.029
1344,1344,150.140976,16,287661.44,4783254.029
1345,1345,150.1406708,8,287662.44,4783254.029
1346,1346,150.1733551,16,287663.44,4783254.029
1347,1347,150.2198029,16,287664.44,4783254.029
1348,1348,150.2373199,16,287665.44,4783254.029
1349,1349,150.2557678,16,287666.44,4783254.029
1350,1350,150.2767639,16,287667.44,4783254.029
1351,1351,150.2858124,32,287668.44,4783254.029
1352,1352,150.3314514,16,287669.44,4783254.029
1353,1353,150.3625946,16,287670.44,4783254.029
1354,1354,150.3539429,1,287671.44,4783254.029
1355,1355,150.3427887,128,287672.44,4783254.029
1356,1356,150.3267822,1,287673.44,4783254.029
1357,1357,150.2884064,1,287674.44,4783254.029
1358,1358,150.2337494,1,287675.44,4783254.029
1359,1359,150.2289886,4,287676.44,4783254.029
1360,1360,150.2677917,1,287677.44,4783254.029
1361,1361,150.2139282,64,287678.44,4783254.029
1362,1362,150.1222687,4,287617.44,4783253.029
1363,1363,150.1966248,16,287618.44,4783253.029
1364,1364,151.2674561,16,287619.44,4783253.029
1365,1365,153.3620148,16,287620.44,4783253.029
1366,1366,156.9891968,16,287621.44,4783253.029
1367,1367,156.9864502,32,287622.44,4783253.029
1368,1368,156.9902954,16,287623.44,4783253.029
1369,1369,157.0027313,16,287624.44,4783253.029
1370,1370,156.9972229,64,287625.44,4783253.029
1371,1371,157.0163269,16,287626.44,4783253.029
1372,1372,157.0165558,32,287627.44,4783253.029
1373,1373,157.038269,16,287628.44,4783253.029
1374,1374,157.0711517,32,287629.44,4783253.029
1375,1375,157.1324158,32,287630.44,4783253.029
1376,1376,157.1744537,1,287631.44,4783253.029
1377,1377,155.487854,1,287632.44,4783253.029
1378,1378,151.4954987,4,287633.44,4783253.029
1379,1379,153.6472473,16,287634.44,4783253.029
1380,1380,152.9904633,4,287635.44,4783253.029
1381,1381,153.8026123,4,287636.44,4783253.029
1382,1382,153.8308868,4,287637.44,4783253.029
1383,1383,153.9374695,4,287638.44,4783253.029
1384,1384,153.4554749,4,287639.44,4783253.029
1385,1385,153.8191528,4,287640.44,4783253.029
1386,1386,153.6656494,4,287641.44,4783253.029
1387,1387,153.8649445,128,287642.44,4783253.029
1388,1388,152.8170013,1,287643.44,4783253.029
1389,1389,150.2114868,2,287644.44,4783253.029
1390,1390,150.1863098,2,287645.44,4783253.029
1391,1391,150.1642303,2,287646.44,4783253.029
1392,1392,150.1458435,2,287647.44,4783253.029
1393,1393,150.3008423,4,287648.44,4783253.029
1394,1394,151.701828,16,287649.44,4783253.029
1395,1395,150.8866577,1,287650.44,4783253.029
1396,1396,150.0024872,4,287651.44,4783253.029
1397,1397,150.0163422,16,287652.44,4783253.029
1398,1398,150.0183411,8,287653.44,4783253.029
1399,1399,150.0363312,1,287654.44,4783253.029
1400,1400,150.0146332,1,287655.44,4783253.029
1401,1401,149.9996948,1,287656.44,4783253.029
1402,1402,149.9828339,1,287657.44,4783253.029
1403,1403,149.9646912,128,287658.44,4783253.029
1404,1404,149.9491577,1,287659.44,4783253.029
1405,1405,149.9220886,64,287660.44,4783253.029
1406,1406,150.0645142,16,287661.44,4783253.029
1407,1407,150.1286621,8,287662.44,4783253.029
1408,1408,150.1612396,16,287663.44,4783253.029
1409,1409,150.2236328,16,287664.44,4783253.029
1410,1410,150.262558,16,287665.44,4783253.029
1411,1411,150.2668457,32,287666.44,4783253.029
1412,1412,150.276886,32,287667.44,4783253.029
1413,1413,150.3041077,16,287668.44,4783253.029
1414,1414,150.3456421,32,287669.44,4783253.029
1415,1415,150.3649139,32,287670.44,4783253.029
1416,1416,150.3697205,1,287671.44,4783253.029
1417,1417,150.3465576,128,287672.44,4783253.029
1418,1418,150.1018829,16,287617.44,4783252.029
1419,1419,152.2046661,16,287618.44,4783252.029
1420,1420,150.50737,32,287619.44,4783252.029
1421,1421,153.3654633,16,287620.44,4783252.029
1422,1422,156.9888916,16,287621.44,4783252.029
1423,1423,157.0001373,64,287622.44,4783252.029
1424,1424,157.260788,64,287623.44,4783252.029
1425,1425,157.2418671,64,287624.44,4783252.029
1426,1426,157.0530853,2,287625.44,4783252.029
1427,1427,157.0754547,4,287626.44,4783252.029
1428,1428,157.0810547,8,287627.44,4783252.029
1429,1429,157.0953979,64,287628.44,4783252.029
1430,1430,157.1388092,32,287629.44,4783252.029
1431,1431,157.1830902,2,287630.44,4783252.029
1432,1432,157.2171936,2,287631.44,4783252.029
1433,1433,155.8929443,1,287632.44,4783252.029
1434,1434,150.9006805,4,287633.44,4783252.029
1435,1435,152.8931732,16,287634.44,4783252.029
1436,1436,152.9062805,4,287635.44,4783252.029
1437,1437,152.8977966,4,287636.44,4783252.029
1438,1438,152.9035339,4,287637.44,4783252.029
1439,1439,152.9015198,4,287638.44,4783252.029
1440,1440,152.8845062,2,287639.44,4783252.029
1441,1441,152.8765106,4,287640.44,4783252.029
1442,1442,152.8876801,4,287641.44,4783252.029
1443,1443,153.5923309,8,287642.44,4783252.029
1444,1444,153.7890472,1,287643.44,4783252.029
1445,1445,150.9095917,1,287644.44,4783252.029
1446,1446,150.1684875,2,287645.44,4783252.029
1447,1447,150.1430817,2,287646.44,4783252.029
1448,1448,150.1120148,1,287647.44,4783252.029
1449,1449,149.9518433,4,287648.44,4783252.029
1450,1450,151.2040863,16,287649.44,4783252.029
1451,1451,151.0063171,1,287650.44,4783252.029
1452,1452,149.9982452,2,287651.44,4783252.029
1453,1453,150.0057373,16,287652.44,4783252.029
1454,1454,150.0154114,8,287653.44,4783252.029
1455,1455,150.0290833,2,287654.44,4783252.029
1456,1456,150.0182495,2,287655.44,4783252.029
1457,1457,150.0070038,1,287656.44,4783252.029
1458,1458,149.9813538,1,287657.44,4783252.029
1459,1459,149.9668274,2,287658.44,4783252.029
1460,1460,149.9524536,1,287659.44,4783252.029
1461,1461,149.9290466,64,287660.44,4783252.029
1462,1462,149.9615936,16,287661.44,4783252.029
1463,1463,150.1249237,16,287662.44,4783252.029
1464,1464,150.1536255,16,287663.44,4783252.029
1465,1465,150.2116089,16,287664.44,4783252.029
1466,1466,150.2648163,16,287665.44,4783252.029
1467,1467,150.2717133,16,287666.44,4783252.029
1468,1468,150.2875519,16,287667.44,4783252.029
1469,1469,150.8832855,4,287618.44,4783251.029
1470,1470,150.4516296,4,287619.44,4783251.029
1471,1471,153.0601654,4,287620.44,4783251.029
1472,1472,157.9565887,4,287621.44,4783251.029
1473,1473,157.8507538,4,287622.44,4783251.029
1474,1474,158.3197632,4,287623.44,4783251.029
1475,1475,158.0545349,4,287624.44,4783251.029
1476,1476,158.142746,4,287625.44,4783251.029
1477,1477,156.9387207,4,287626.44,4783251.029
1478,1478,158.009491,4,287627.44,4783251.029
1479,1479,158.249054,4,287628.44,4783251.029
1480,1480,158.0482635,4,287629.44,4783251.029
1481,1481,158.2501831,4,287630.44,4783251.029
1482,1482,156.4431763,4,287631.44,4783251.029
1483,1483,154.249527,4,287632.44,4783251.029
1484,1484,151.1821442,4,287633.44,4783251.029
1485,1485,151.9338531,4,287634.44,4783251.029
1486,1486,151.9168243,4,287635.44,4783251.029
1487,1487,152.1134186,4,287636.44,4783251.029
1488,1488,152.0268402,4,287637.44,4783251.029
1489,1489,151.7248688,4,287638.44,4783251.029
1490,1490,152.0331116,4,287639.44,4783251.029
1491,1491,151.4714813,4,287640.44,4783251.029
1492,1492,151.7438202,4,287641.44,4783251.029
1493,1493,152.6630096,4,287642.44,4783251.029
1494,1494,152.2369385,4,287643.44,4783251.029
1495,1495,150.5392303,1,287644.44,4783251.029
1496,1496,150.1238708,2,287645.44,4783251.029
1497,1497,150.1035919,2,287646.44,4783251.029
1498,1498,150.0075684,1,287647.44,4783251.029
1499,1499,149.9432068,4,287648.44,4783251.029
1500,1500,150.343811,16,287649.44,4783251.029
1501,1501,151.136734,1,287650.44,4783251.029
1502,1502,150.1098175,4,287651.44,4783251.029
1503,1503,150.0006714,8,287652.44,4783251.029
1504,1504,150.01651,8,287653.44,4783251.029
1505,1505,150.0151825,1,287654.44,4783251.029
1506,1506,150.002655,1,287655.44,4783251.029
1507,1507,149.9893341,1,287656.44,4783251.029
1508,1508,149.9771423,1,287657.44,4783251.029
1509,1509,149.9636536,1,287658.44,4783251.029
1510,1510,149.946106,128,287659.44,4783251.029
1511,1511,149.9373322,64,287660.44,4783251.029
1512,1512,149.9939575,16,287661.44,4783251.029
1513,1513,150.0565338,4,287618.44,4783250.029
1514,1514,150.1044464,8,287619.44,4783250.029
1515,1515,150.15271,8,287620.44,4783250.029
1516,1516,150.1495667,16,287621.44,4783250.029
1517,1517,150.1577911,16,287622.44,4783250.029
1518,1518,150.1581116,16,287623.44,4783250.029
1519,1519,150.1568451,16,287624.44,4783250.029
1520,1520,150.1755066,16,287625.44,4783250.029
1521,1521,150.8269958,16,287626.44,4783250.029
1522,1522,150.1794739,1,287627.44,4783250.029
1523,1523,150.187088,16,287628.44,4783250.029
1524,1524,151.8781128,16,287629.44,4783250.029
1525,1525,150.1996002,1,287630.44,4783250.029
1526,1526,150.2011719,16,287631.44,4783250.029
1527,1527,150.2161102,2,287632.44,4783250.029
1528,1528,150.2276917,4,287633.44,4783250.029
1529,1529,150.2376251,8,287634.44,4783250.029
1530,1530,150.2292175,4,287635.44,4783250.029
1531,1531,150.2148895,8,287636.44,4783250.029
1532,1532,150.2004395,1,287637.44,4783250.029
1533,1533,150.1909332,1,287638.44,4783250.029
1534,1534,150.188797,16,287639.44,4783250.029
1535,1535,150.1911163,2,287640.44,4783250.029
1536,1536,150.1954346,4,287641.44,4783250.029
1537,1537,150.1957245,4,287642.44,4783250.029
1538,1538,150.1711426,2,287643.44,4783250.029
1539,1539,150.1239624,2,287644.44,4783250.029
1540,1540,150.0452881,4,287645.44,4783250.029
1541,1541,150.0046082,1,287646.44,4783250.029
1542,1542,149.9568634,2,287647.44,4783250.029
1543,1543,149.9463501,4,287648.44,4783250.029
1544,1544,150.1014557,4,287649.44,4783250.029
1545,1545,150.3868866,1,287650.44,4783250.029
1546,1546,149.9798126,4,287651.44,4783250.029
1547,1547,149.9921417,16,287652.44,4783250.029
1548,1548,150.001709,16,287653.44,4783250.029
1549,1549,150.0059814,1,287654.44,4783250.029
1550,1550,149.9977875,128,287655.44,4783250.029
1551,1551,149.9874725,4,287618.44,4783249.029
1552,1552,150.0720062,4,287619.44,4783249.029
1553,1553,151.5970001,4,287620.44,4783249.029
1554,1554,151.426239,64,287621.44,4783249.029
1555,1555,150.8485718,4,287622.44,4783249.029
1556,1556,151.3388672,64,287623.44,4783249.029
1557,1557,150.7358856,64,287624.44,4783249.029
1558,1558,151.0569916,4,287625.44,4783249.029
1559,1559,151.2489471,4,287626.44,4783249.029
1560,1560,151.0789948,4,287627.44,4783249.029
1561,1561,152.7046814,4,287628.44,4783249.029
1562,1562,153.7015839,4,287629.44,4783249.029
1563,1563,151.7046509,4,287630.44,4783249.029
1564,1564,150.8323669,4,287631.44,4783249.029
1565,1565,150.8358765,4,287632.44,4783249.029
1566,1566,150.1785431,4,287633.44,4783249.029
1567,1567,150.9246826,4,287634.44,4783249.029
1568,1568,150.1869202,4,287635.44,4783249.029
1569,1569,150.7616272,4,287636.44,4783249.029
1570,1570,151.5814056,4,287637.44,4783249.029
1571,1571,151.0284424,4,287638.44,4783249.029
1572,1572,151.0684204,4,287639.44,4783249.029
1573,1573,151.5232239,1,287640.44,4783249.029
1574,1574,150.1577606,2,287641.44,4783249.029
1575,1575,150.1580658,2,287642.44,4783249.029
1576,1576,150.1523285,4,287643.44,4783249.029
1577,1577,150.062439,1,287644.44,4783249.029
1578,1578,149.9931183,1,287645.44,4783249.029
1579,1579,149.9773865,1,287646.44,4783249.029
1580,1580,149.9571533,1,287647.44,4783249.029
1581,1581,149.931488,4,287648.44,4783249.029
1582,1582,149.9439545,16,287649.44,4783249.029
1583,1583,149.9362488,16,287618.44,4783248.029
1584,1584,149.9735718,16,287619.44,4783248.029
1585,1585,150.0279694,4,287620.44,4783248.029
1586,1586,150.2363586,4,287621.44,4783248.029
1587,1587,150.0874023,4,287622.44,4783248.029
1588,1588,150.2567291,4,287623.44,4783248.029
1589,1589,150.2630005,4,287624.44,4783248.029
1590,1590,150.1645966,4,287625.44,4783248.029
1591,1591,150.1937714,4,287626.44,4783248.029
1592,1592,150.0107269,4,287627.44,4783248.029
1593,1593,150.0191345,8,287628.44,4783248.029
1594,1594,150.0083771,1,287629.44,4783248.029
1595,1595,149.9934235,1,287630.44,4783248.029
1596,1596,150.0037384,1,287631.44,4783248.029
1597,1597,149.9984741,1,287632.44,4783248.029
1598,1598,150.0033569,16,287633.44,4783248.029
1599,1599,150.0065155,16,287634.44,4783248.029
1600,1600,150.0143738,16,287635.44,4783248.029
1601,1601,150.0105438,1,287636.44,4783248.029
1602,1602,150.0125427,2,287637.44,4783248.029
1603,1603,150.0225525,16,287638.44,4783248.029
1604,1604,150.1771851,16,287639.44,4783248.029
1605,1605,151.6790466,16,287640.44,4783248.029
1606,1606,150.2180481,1,287641.44,4783248.029
1607,1607,150.1143646,1,287642.44,4783248.029
1608,1608,150.0020752,4,287643.44,4783248.029
1609,1609,149.936264,4,287618.44,4783247.029
1610,1610,149.9425812,16,287619.44,4783247.029
1611,1611,149.9495697,16,287620.44,4783247.029
1612,1612,149.9524078,8,287621.44,4783247.029
1613,1613,149.9591522,16,287622.44,4783247.029
1614,1614,149.984726,16,287623.44,4783247.029
1615,1615,149.9893341,8,287624.44,4783247.029
1616,1616,149.9886017,8,287625.44,4783247.029
1617,1617,149.9926453,4,287626.44,4783247.029
1618,1618,149.9822693,8,287627.44,4783247.029
1619,1619,150.0033569,16,287628.44,4783247.029
1620,1620,150.229248,16,287629.44,4783247.029
1621,1621,150.2879791,4,287630.44,4783247.029
1622,1622,150.2671204,64,287631.44,4783247.029
1623,1623,150.2202454,64,287632.44,4783247.029
1624,1624,150.2369537,64,287633.44,4783247.029
1625,1625,150.2973938,64,287634.44,4783247.029
1626,1626,150.3598175,64,287635.44,4783247.029
1627,1627,150.2037811,64,287636.44,4783247.029
1628,1628,150.3233032,64,287637.44,4783247.029
1629,1629,149.9339142,16,287618.44,4783246.029
1630,1630,149.942215,16,287619.44,4783246.029
1631,1631,149.9458466,16,287620.44,4783246.029
1632,1632,149.9522552,16,287621.44,4783246.029
1633,1633,149.9589691,16,287622.44,4783246.029
1634,1634,149.967392,16,287623.44,4783246.029
1635,1635,149.9770203,16,287624.44,4783246.029
1636,1636,149.9831696,16,287625.44,4783246.029
1637,1637,149.9812927,2,287626.44,4783246.029
1638,1638,149.9862823,16,287627.44,4783246.029
1639,1639,150.1666718,16,287628.44,4783246.029
1640,1640,150.0072021,1,287629.44,4783246.029
1641,1641,149.9993896,4,287630.44,4783246.029
1642,1642,150.0087585,16,287631.44,4783246.029
1643,1643,149.9495239,32,287619.44,4783245.029
1644,1644,149.9584503,64,287620.44,4783245.029
1645,1645,149.9651947,32,287621.44,4783245.029
1646,1646,149.9671478,32,287622.44,4783245.029
1647,1647,149.9745483,32,287623.44,4783245.029
1648,1648,149.9800568,32,287624.44,4783245.029
1649,1649,149.9848175,32,287625.44,4783245.029
1650,1650,149.985733,64,287626.44,4783245.029
1651,1651,149.9417877,8,287619.44,4783244.029
1652,1652,149.9499664,16,287620.44,4783244.029